45.552,262.41,16.199,0.9962,-0.35027,-0.85297,0.018298,5.9305,0.33475,3.5238,0.12975,0.86894,1
29.332,311.71,17.655,0.9968,1.556,1.8278,0.027814,5.5682,0.31211,3.0454,0.22759,0.89311,1
44.455,288.17,16.976,0.99654,-0.57009,-0.66746,0.019019,5.9354,0.36997,3.5874,0.12965,0.86003,1
51.096,331.95,18.22,0.997,-0.58478,-0.64752,0.017608,6.0363,0.47533,3.8586,0.10759,0.83214,1
37.967,339.97,18.438,0.99707,0.10625,-1.226,0.01751,6.0086,0.33283,3.544,0.12819,0.88799,1
43.777,496.26,22.277,0.99799,0.12268,-1.4897,0.017993,6.0384,0.29725,3.5631,0.12727,0.89042,1
40.236,311.42,17.647,0.9968,-0.3047,-1.0806,0.018423,5.9451,0.32754,3.5365,0.12522,0.8725,1
41.137,300.02,17.321,0.99668,-0.28661,-1.0838,0.017792,5.9557,0.32777,3.5096,0.12702,0.87546,1
13.622,269.42,16.414,0.9963,2.7146,6.8257,0.047564,4.839,0.26196,2.2207,0.36707,0.93896,1
44.405,248.07,15.75,0.99599,-0.56182,-0.58679,0.019937,5.847,0.178,3.1114,0.16812,0.92052,1
50.646,297.2,17.239,0.99665,-0.65437,-0.36789,0.01827,5.9874,0.42577,3.756,0.11541,0.83882,1
40.071,262.32,16.196,0.9962,-0.32397,-0.8904,0.018814,5.9034,0.36312,3.55,0.12516,0.86455,1
35.162,434.16,20.836,0.9977,0.41727,-1.0396,0.016421,6.1573,0.44956,3.9315,0.099797,0.85098,1
62.672,281.38,16.774,0.99646,-1.1085,0.5505,0.024608,5.7273,0.30916,3.2729,0.19841,0.88543,2
45.941,354.09,18.817,0.99718,-0.55986,-0.8322,0.018552,5.9985,0.42139,3.7666,0.12628,0.84394,2
54.717,193.9,13.925,0.99487,-1.0289,0.69709,0.024784,5.6238,0.2281,3.0739,0.19346,0.90192,2
57.307,195.49,13.982,0.99491,-0.85935,0.17252,0.025329,5.614,0.24706,3.1339,0.17828,0.89347,2
46.045,240.18,15.498,0.99585,-0.61732,-0.39953,0.020659,5.8304,0.30086,3.3759,0.15455,0.87647,2
48.768,280.1,16.736,0.99644,-0.50176,-0.45478,0.019084,5.9577,0.35959,3.5348,0.14589,0.87523,2
55.153,258.23,16.07,0.99614,-0.97047,-0.057623,0.025772,5.6581,0.3812,3.4268,0.15182,0.85755,2
49.538,309.33,17.588,0.99678,-0.33473,-0.98881,0.019047,5.9184,0.35487,3.6371,0.11957,0.86091,2
53.036,387.72,19.691,0.99743,-0.40658,-1.1327,0.019662,5.9402,0.36299,3.5622,0.14525,0.86878,2
54.357,310.23,17.613,0.99679,-0.90085,0.35139,0.019463,5.9624,0.44559,3.6143,0.13954,0.87426,2
42.335,245.94,15.683,0.99595,-0.41265,-0.88587,0.019923,5.8298,0.28156,3.3276,0.14488,0.88916,2
51.708,279.73,16.725,0.99644,-0.54971,-0.86616,0.020654,5.818,0.16277,3.1259,0.16644,0.92555,2
47.975,417.69,20.438,0.99761,-0.55673,-1.0173,0.017631,6.0272,0.18776,3.2596,0.15622,0.92318,3
43.414,516.08,22.717,0.99807,-0.13836,-1.4206,0.014692,6.193,0.39859,3.8414,0.10462,0.86013,3
25.768,269.84,16.427,0.99631,0.42916,-1.0031,0.019827,5.813,0.25898,3.5177,0.12222,0.89631,3
52.19,328.31,18.119,0.99696,-0.53547,-0.34683,0.01897,5.961,0.35666,3.6476,0.13243,0.86958,4
48.309,257.44,16.045,0.99613,-0.46411,-0.078551,0.022473,5.8116,0.2441,3.293,0.16686,0.9005,4
53.532,247.11,15.72,0.99597,-0.59759,0.32664,0.021657,5.8439,0.343,3.4938,0.154,0.86769,4
50.86,309.21,17.584,0.99678,-0.34266,-0.50814,0.018228,5.9899,0.28389,3.4395,0.14624,0.90938,4
53.83,267.91,16.368,0.99628,-0.78041,0.6608,0.023622,5.7764,0.33797,3.3674,0.17459,0.88283,4
56.961,261.36,16.167,0.99619,-0.66412,-0.14576,0.024614,5.6675,0.26542,3.2521,0.17695,0.89087,4
60.755,224.8,14.993,0.99557,-0.82405,0.42082,0.025569,5.5944,0.24211,3.1021,0.1902,0.90506,4
51.143,353.43,18.8,0.99718,-0.68482,-0.17342,0.020577,5.943,0.27152,3.412,0.1734,0.90323,4
49.366,388.35,19.707,0.99743,-0.66962,-0.27866,0.017789,6.0738,0.32667,3.6604,0.13653,0.8854,4
50.283,294.06,17.148,0.99661,-0.49054,-0.34859,0.021672,5.891,0.24996,3.3142,0.17711,0.90203,4
49.997,279.88,16.73,0.99644,-0.42015,-0.38883,0.018323,5.9723,0.36856,3.6442,0.12837,0.86753,4
62.344,487.84,22.087,0.99795,-1.1296,0.070654,0.02633,5.7619,0.37151,3.4438,0.16486,0.89848,4
50.741,301.59,17.366,0.9967,-0.55643,-0.27106,0.020349,5.9223,0.35082,3.5365,0.15633,0.8693,4
59.495,287.63,16.96,0.99654,-1.0845,0.70628,0.022794,5.8048,0.38046,3.3866,0.16701,0.88492,4
39.333,345.61,18.591,0.99711,-0.095191,-1.0384,0.016519,6.085,0.45532,3.929,0.093303,0.83784,5
39.746,338.17,18.389,0.99705,-0.1052,-1.114,0.015605,6.101,0.55688,4.0539,0.08503,0.81056,5
39.995,338.72,18.404,0.99706,-0.20002,-1.1792,0.016578,6.0402,0.41393,3.8051,0.10225,0.84087,5
43.045,363.78,19.073,0.99726,-0.21225,-1.0241,0.01666,6.0912,0.54558,3.9957,0.097556,0.8224,5
38.886,274.63,16.572,0.99637,-0.32742,-0.95841,0.018862,5.9162,0.52364,3.802,0.10961,0.82235,5
40.456,335.53,18.318,0.99703,-0.075527,-0.96217,0.015136,6.1473,0.62743,4.1511,0.079763,0.80088,5
44.419,355.29,18.849,0.99719,-0.31666,-1.1614,0.016727,6.0453,0.62288,3.9855,0.09929,0.8066,5
37.255,357.36,18.904,0.99721,0.11342,-0.98208,0.015786,6.1007,0.37827,3.8068,0.10286,0.85504,5
38.321,374.97,19.364,0.99734,-0.062058,-1.2538,0.015814,6.1038,0.49085,3.971,0.091225,0.82799,5
35.728,364.57,19.094,0.99726,0.026639,-1.1105,0.014953,6.1439,0.54339,4.0959,0.080766,0.81779,5
50.574,375.48,19.377,0.99734,-0.37852,-1.0214,0.015574,6.1171,0.36387,3.7806,0.10738,0.8587,5
39.854,390.3,19.756,0.99744,-0.10224,-1.1396,0.014679,6.1818,0.59251,4.1479,0.079289,0.80913,5
35.769,288.32,16.98,0.99654,0.16495,-0.76527,0.017995,5.9908,0.46607,3.8255,0.10233,0.83987,5
48.511,209.57,14.477,0.99525,-0.5375,0.19815,0.020198,5.8402,0.55241,3.6802,0.12274,0.82592,6
54.112,254.08,15.94,0.99608,-0.65906,-0.22883,0.019078,5.8877,0.53775,3.7633,0.11643,0.82284,6
49.551,174.52,13.211,0.9943,-0.63093,0.43891,0.02267,5.6931,0.4427,3.4388,0.14999,0.84349,6
46.375,227.31,15.077,0.99562,-0.39473,-0.36434,0.018884,5.9001,0.26672,3.3082,0.14871,0.90016,6
57.954,170.36,13.052,0.99416,-0.69256,-0.050101,0.023342,5.6299,0.27751,3.1334,0.17252,0.88118,6
53.757,163.99,12.806,0.99394,-0.04945,-0.5862,0.022099,5.6555,0.20047,3.144,0.15783,0.91222,6
53.748,248.68,15.77,0.99599,-1.0847,1.3576,0.020879,5.8292,0.58385,3.7027,0.12783,0.82215,6
48.518,146.8,12.116,0.99323,-0.35022,-0.36969,0.023222,5.6013,0.28167,3.1205,0.17118,0.88152,6
52.476,158.26,12.58,0.99372,-0.38463,0.029598,0.023473,5.6234,0.36965,3.2553,0.16302,0.85984,6
51.332,151.66,12.315,0.99345,-0.4614,0.12138,0.023352,5.596,0.18135,2.9788,0.18461,0.91523,6
54.632,333.32,18.257,0.99701,-1.0598,0.71087,0.019085,5.9443,0.28484,3.3963,0.1556,0.89734,6
55.213,186.29,13.649,0.99466,-0.95338,0.84603,0.024471,5.6523,0.35518,3.29,0.16522,0.8589,6
53.513,279.92,16.731,0.99644,-0.85164,0.27707,0.019241,5.917,0.54135,3.7862,0.11548,0.82432,6
46.718,217.55,14.749,0.99542,-0.62424,0.31642,0.020188,5.8396,0.37924,3.5076,0.13912,0.85768,6
47.995,291.71,17.079,0.99658,-0.55692,-0.16916,0.017075,6.0336,0.53453,3.943,0.094468,0.8154,6
40.638,444.13,21.074,0.99775,-0.55202,-0.98669,0.019042,5.9783,0.115,3.1721,0.16391,0.94464,7
42.283,339.09,18.414,0.99706,-0.73102,-0.5674,0.019635,5.8942,0.16169,3.2034,0.16229,0.92501,7
55.327,384.22,19.601,0.9974,-0.8638,-0.23995,0.018945,6.0028,0.13486,3.1439,0.17507,0.93782,7
53.523,491.07,22.16,0.99797,-0.97826,-0.17889,0.018953,6.0251,0.1651,3.2733,0.17027,0.92731,7
42.241,296.19,17.21,0.99664,-0.5312,-0.39361,0.018027,6.0097,0.24014,3.4385,0.14368,0.89505,7
47.459,343.82,18.542,0.9971,-0.80614,-0.23076,0.019591,5.9786,0.31955,3.5737,0.14952,0.86659,7
40.476,389.87,19.745,0.99744,-0.40065,-0.83025,0.016008,6.119,0.1575,3.3812,0.13633,0.92765,7
46.121,318.48,17.846,0.99687,-0.94248,0.27621,0.020644,5.9106,0.13967,3.08,0.19005,0.93625,7
44.502,235.3,15.339,0.99577,-0.90504,-0.066574,0.023856,5.6956,0.13006,2.9094,0.20184,0.93752,7
43.057,250.56,15.829,0.99602,-0.6739,-0.37229,0.020936,5.8066,0.13564,3.0743,0.17722,0.93495,7
50.641,438.41,20.938,0.99772,-0.80712,-0.51662,0.018393,6.0426,0.3005,3.6302,0.13142,0.87569,7
48.507,414.67,20.363,0.99759,-0.86651,-0.3947,0.018855,5.995,0.16996,3.2897,0.1568,0.92275,7
47.602,361.47,19.012,0.99724,-0.43393,-0.5779,0.015339,6.1436,0.29104,3.6102,0.1205,0.89313,8
12.361,206.69,14.377,0.99519,3.1885,10.954,0.044537,4.8536,0.22329,2.3138,0.31354,0.93512,8
51.4,399.03,19.976,0.9975,-0.77857,-0.53912,0.018776,6.0055,0.69386,3.862,0.1193,0.83255,8
43.551,381.03,19.52,0.99738,-0.56,-0.78266,0.017793,6.0343,0.4983,3.8761,0.10936,0.84416,9
48.234,436.26,20.887,0.99771,-0.23725,-0.57633,0.018627,6.0534,0.46701,3.9529,0.096554,0.8607,9
42.321,290.55,17.046,0.99657,-0.47545,-0.38395,0.018159,5.9757,0.41201,3.6628,0.12327,0.85739,9
45.762,433.98,20.832,0.9977,-0.5984,-0.86099,0.016672,6.0825,0.47355,3.8327,0.10969,0.85672,9
44.574,427.39,20.673,0.99767,-0.4454,-0.98395,0.015725,6.1187,0.42217,3.8178,0.10529,0.85734,9
46.075,463.7,21.534,0.99785,-0.50596,-0.9595,0.016025,6.1431,0.50555,3.8644,0.10749,0.86213,9
49.648,346.67,18.619,0.99712,-0.62406,-0.67655,0.018162,5.9899,0.5014,3.766,0.11851,0.84251,9
45.051,355.68,18.86,0.9972,-0.58053,-0.76477,0.0171,6.0261,0.50513,3.845,0.10613,0.84203,9
47.637,553.11,23.518,0.9982,-0.41304,-1.2713,0.016129,6.13,0.32042,3.6668,0.12239,0.887,9
40.373,363.68,19.071,0.99726,-0.43005,-1.0564,0.016847,6.0104,0.48665,3.8326,0.1094,0.83489,9
40.387,373.39,19.323,0.99733,-0.40789,-1.09,0.016791,6.0226,0.41805,3.6856,0.11973,0.87029,9
48.638,395.88,19.897,0.99748,-0.59139,-0.72253,0.017827,6.0265,0.23073,3.4231,0.13789,0.90625,9
45.512,345.32,18.583,0.99711,-0.51372,-0.49807,0.016382,6.0769,0.42444,3.7514,0.11231,0.85584,9
41.163,254.94,15.967,0.99609,-0.12258,-0.47175,0.018875,5.9197,0.47735,3.7291,0.11313,0.84313,10
41.109,238.88,15.456,0.99583,0.038489,-0.4544,0.02011,5.8182,0.32124,3.4493,0.13446,0.88142,10
41.22,249.54,15.797,0.99601,-0.018911,-0.44797,0.019825,5.8604,0.56259,3.7553,0.11368,0.8406,10
34.006,153.47,12.388,0.99353,-0.30362,-0.31081,0.024077,5.5873,0.41567,3.2467,0.1569,0.86547,10
42.455,303.77,17.429,0.99672,-0.608,-0.67968,0.019567,5.8893,0.14084,3.1053,0.16595,0.9345,11
48.185,478.34,21.871,0.99791,-0.53432,-1.1444,0.017393,6.0576,0.3704,3.694,0.12375,0.86179,11
54.143,525.75,22.929,0.9981,-0.73851,-0.88116,0.018581,6.0286,0.34951,3.6228,0.1475,0.87636,11
45.312,416.29,20.403,0.9976,0.072956,-0.85921,0.013844,6.2675,0.54566,4.1735,0.07862,0.83199,12
44.821,346.73,18.621,0.99712,-0.54432,-0.89303,0.018066,5.9943,0.33334,3.583,0.13211,0.87286,12
47.141,353.84,18.811,0.99718,-0.66021,-0.76115,0.018888,5.9659,0.44414,3.7337,0.1286,0.84878,12
41.828,306.62,17.51,0.99675,-0.15729,-1.0547,0.015965,6.0519,0.49592,3.9234,0.091319,0.81794,13
41.922,268.97,16.4,0.9963,-0.24615,-0.90036,0.017197,5.9797,0.55872,3.9141,0.096204,0.80105,13
37.608,277.65,16.663,0.99641,-0.10197,-1.0806,0.016714,5.9735,0.23996,3.4124,0.12567,0.8887,13
38.002,264.85,16.274,0.99624,-0.19273,-0.97025,0.017148,5.9604,0.49672,3.8304,0.097194,0.81439,13
41.709,217.88,14.761,0.99543,-0.39225,-0.36818,0.019406,5.8734,0.43533,3.6898,0.11232,0.82607,13
46.95,411.17,20.277,0.99757,-0.25486,-1.216,0.015449,6.142,0.21522,3.5444,0.11807,0.89922,13
33.866,212.04,14.562,0.99531,0.33968,-0.6429,0.019809,5.8265,0.54507,3.7019,0.10997,0.81643,13
43.938,375.57,19.38,0.99734,-0.087337,-1.2931,0.015663,6.0834,0.18349,3.4019,0.12481,0.91205,13
40.513,255.92,15.997,0.99611,-0.18387,-1.053,0.017861,5.9097,0.19325,3.2214,0.14559,0.90885,13
49.448,354.93,18.84,0.99719,-0.45318,-0.92608,0.016201,6.0795,0.41311,3.8207,0.10359,0.83306,13
41.162,268.85,16.397,0.99629,-0.17971,-0.92117,0.016825,5.988,0.41742,3.7672,0.10164,0.83108,13
38.623,307.42,17.533,0.99676,0.018338,-1.0352,0.016144,6.0454,0.1837,3.3252,0.13234,0.91419,13
58.221,282.48,16.807,0.99647,-0.79562,0.12897,0.019522,5.912,0.68892,3.8765,0.11995,0.82225,14
49.532,319.9,17.886,0.99688,-0.37864,-0.71367,0.016106,6.0913,0.61046,3.9523,0.098587,0.83135,14
53.205,367.03,19.158,0.99728,-0.50033,-0.71326,0.015663,6.1236,0.7265,4.1581,0.08818,0.80283,14
54.49,313.97,17.719,0.99683,-0.76247,-0.18072,0.018494,5.992,0.76162,3.9382,0.11628,0.81062,14
55.129,361.38,19.01,0.99724,-0.59482,-0.60786,0.016423,6.0913,0.72643,4.0871,0.097371,0.81167,14
58.844,256.08,16.003,0.99611,-0.87849,0.20108,0.020561,5.8492,0.5851,3.6589,0.14487,0.83795,14
53.644,434.98,20.856,0.99771,-0.74066,-0.3428,0.015983,6.143,0.26439,3.6955,0.11791,0.89297,14
50.752,344.33,18.556,0.9971,-0.53276,-0.69389,0.016571,6.0564,0.49897,3.8046,0.11376,0.84002,14
51.378,278.64,16.692,0.99642,-0.64038,-0.16038,0.018341,5.9869,0.76354,3.9875,0.10659,0.80474,14
60.243,332.4,18.232,0.997,-0.82802,-0.25216,0.019694,5.9024,0.53235,3.7888,0.12065,0.83674,14
53.306,328.16,18.115,0.99696,-0.58571,-0.40917,0.017007,6.0337,0.23307,3.3852,0.14584,0.90724,14
50.385,260.03,16.126,0.99617,-0.58216,-0.24602,0.018672,5.9557,0.63922,3.8561,0.11306,0.82099,14
63.449,398.53,19.963,0.9975,-0.67489,-0.94764,0.028301,5.6153,0.44386,3.6093,0.13568,0.85955,14
46.307,326.36,18.065,0.99695,-0.54423,-0.38818,0.016923,6.085,0.56949,4.0275,0.094916,0.80761,15
52.268,489.6,22.127,0.99796,-0.62697,-0.69994,0.015269,6.1907,0.2204,3.5869,0.12224,0.90495,15
49.626,308.98,17.578,0.99677,-0.69136,-0.28405,0.017741,5.9872,0.49006,3.7976,0.10581,0.82176,15
46.455,314.06,17.722,0.99683,-0.57489,-0.48209,0.017168,6.0184,0.43475,3.846,0.099416,0.83248,15
44.012,324.07,18.002,0.99692,-0.49645,-0.5766,0.017004,6.0282,0.41866,3.7786,0.10842,0.8447,15
44.127,319.08,17.863,0.99688,-0.095431,-0.16039,0.017471,6.041,0.47751,3.8864,0.10111,0.83118,15
46.942,389.15,19.727,0.99744,-0.72795,-0.38082,0.016614,6.0939,0.5718,4.0468,0.092711,0.80531,15
54.687,310.46,17.62,0.99679,-0.94941,0.29647,0.020207,5.918,0.42499,3.6237,0.13538,0.84416,15
52.489,385.03,19.622,0.99741,-0.69977,-0.12179,0.017034,6.0844,0.5142,3.9114,0.1047,0.83097,15
47.989,281.58,16.78,0.99646,-0.69871,-0.1784,0.018379,5.9554,0.4651,3.7873,0.10941,0.82448,15
51.259,361.03,19.001,0.99724,-0.76701,-0.27529,0.017697,6.0533,0.54348,3.9007,0.11067,0.82101,15
49.471,270.86,16.458,0.99632,-0.82436,0.038697,0.019432,5.8847,0.30718,3.4647,0.13835,0.87303,15
52.022,442.08,21.026,0.99774,-0.73472,-0.30762,0.017859,6.0668,0.5835,3.968,0.10724,0.82751,15
45.833,525.12,22.915,0.9981,-0.29521,-0.96399,0.014754,6.2281,0.5456,4.1855,0.080356,0.82289,15
47.307,369.51,19.223,0.9973,-0.48519,-0.66793,0.016104,6.1192,0.45799,3.8101,0.10902,0.86363,15
47.463,303.06,17.409,0.99671,-0.72119,0.0071054,0.019366,5.9675,0.45578,3.7492,0.12453,0.83942,15
46.487,315.83,17.772,0.99684,-0.41229,-0.83271,0.017854,5.9986,0.57144,3.9668,0.098216,0.81157,16
60.769,229.28,15.142,0.99566,-1.0135,0.097897,0.027682,5.5956,0.27819,3.0797,0.21641,0.8908,16
45.466,308.72,17.57,0.99677,-0.23513,-1.2385,0.018779,5.8932,0.37326,3.6188,0.12173,0.85648,16
45.444,274.27,16.561,0.99637,-0.32331,-0.74484,0.017907,5.9625,0.49653,3.8561,0.10343,0.82628,16
48.841,247.16,15.721,0.99597,-0.18127,-0.76781,0.018165,5.9256,0.34341,3.5658,0.12213,0.86733,16
56.496,191.7,13.846,0.99481,-0.93473,0.65718,0.028767,5.5689,0.4595,3.3,0.19468,0.8504,16
55.665,208.83,14.451,0.99523,-1.676,2.9801,0.028554,5.4635,0.23566,2.9641,0.21486,0.90003,16
48.209,318.84,17.856,0.99687,-0.18202,-0.94914,0.016442,6.0427,0.25617,3.4857,0.12472,0.89351,16
50.678,284.06,16.854,0.99649,-0.61795,-0.24185,0.01787,5.9826,0.38023,3.6415,0.12197,0.85388,16
46.967,304.5,17.45,0.99673,-0.23608,-0.90756,0.017375,6.0085,0.5579,3.9416,0.10018,0.81558,16
51.849,310.91,17.633,0.99679,-0.25273,-0.4927,0.018901,5.9978,0.39325,3.7521,0.11,0.86079,16
41.908,299.31,17.301,0.99667,-0.29079,-1.0279,0.017614,5.9786,0.24591,3.384,0.14042,0.89772,16
48.499,296.99,17.234,0.99664,-0.52039,-0.63416,0.017632,6.0067,0.67182,3.9477,0.10293,0.81102,16
48.885,259.12,16.097,0.99616,-0.34288,-0.29466,0.019493,5.8906,0.40496,3.6746,0.12243,0.8531,16
55.429,452.01,21.261,0.99779,-0.70605,-0.44351,0.018273,6.022,0.31036,3.619,0.12302,0.89202,17
54.767,533.39,23.095,0.99813,-0.62321,-0.87198,0.017582,6.0917,0.49647,3.9464,0.10056,0.84719,17
41.96,414.48,20.359,0.99759,-0.57303,-0.60575,0.017892,6.0602,0.39653,3.8157,0.11013,0.86179,18
42.619,221.46,14.881,0.9955,-0.60055,0.05864,0.021121,5.8243,0.21098,3.1192,0.18137,0.91896,18
42.645,286.62,16.93,0.99652,-0.16201,-0.58889,0.017625,6.0325,0.40889,3.6915,0.12096,0.86733,18
40.713,253.4,15.919,0.99607,-0.25528,-0.52038,0.018684,5.9523,0.18972,3.2275,0.16075,0.91878,18
45.286,370.54,19.249,0.99731,-0.51428,-0.66689,0.017287,6.103,0.81531,4.0182,0.11189,0.82768,18
45.154,200.59,14.163,0.99504,-0.72263,0.1654,0.023678,5.713,0.39789,3.4058,0.15636,0.8597,18
48.095,227.65,15.088,0.99563,-0.46732,-0.60195,0.022815,5.7774,0.20938,3.1742,0.16953,0.90835,18
47.964,283.56,16.839,0.99649,-0.24624,-0.90639,0.017271,5.9829,0.25381,3.4057,0.13129,0.89954,18
40.838,330.15,18.17,0.99698,-0.24575,-0.84215,0.016735,6.086,0.44483,3.854,0.10456,0.84767,18
47.209,380.55,19.508,0.99738,-0.25493,-0.84642,0.015284,6.1748,0.44485,3.9932,0.092815,0.84832,18
42.811,241.04,15.525,0.99587,-0.27075,-0.77254,0.018943,5.8919,0.3426,3.5154,0.12722,0.86825,18
47.416,177.15,13.31,0.99439,-0.28408,-0.053233,0.023464,5.6674,0.24932,3.0942,0.18144,0.90522,18
50.674,606.37,24.625,0.99835,-0.25418,-1.4986,0.016682,6.0915,0.37527,3.8474,0.10315,0.86968,19
28.851,203.11,14.252,0.9951,0.53081,-0.46351,0.021287,5.7051,0.15479,2.9067,0.18299,0.93552,19
42.211,319.28,17.868,0.99688,-0.52223,-0.63709,0.016693,6.0436,0.36426,3.6964,0.11758,0.86534,19
25.955,299.51,17.306,0.99667,0.89982,-0.028452,0.020214,5.8545,0.31752,3.3626,0.16179,0.89432,19
62.391,474.75,21.789,0.9979,-0.7327,-0.78164,0.029121,5.7195,0.36493,3.5395,0.15171,0.87217,19
51.036,372.74,19.306,0.99732,-0.60609,-0.70377,0.016589,6.0813,0.45396,3.8192,0.11308,0.83794,19
14.975,185.61,13.624,0.99464,2.9002,8.8474,0.057507,4.7687,0.25975,2.1664,0.45582,0.92848,19
23.215,85.837,9.2649,0.98848,0.0046442,-0.31359,0.032383,5.1994,0.24365,3.0641,0.18392,0.90012,19
31.948,165.24,12.854,0.99398,0.040203,-0.57337,0.022166,5.5792,0.2431,2.9481,0.17228,0.90471,19
17.837,119.8,10.945,0.99172,1.7623,8.3002,0.033409,5.1256,0.47117,2.5704,0.26447,0.91417,19
51.8,538.59,23.208,0.99815,-0.41188,-1.2923,0.016514,6.0778,0.42124,3.8689,0.10204,0.85434,19
58.592,265.14,16.283,0.99624,-0.53015,-0.38649,0.01853,5.9171,0.62614,3.752,0.12679,0.84348,20
46.381,178.29,13.353,0.99442,-0.133,0.43231,0.022505,5.7384,0.77592,3.5811,0.1493,0.84418,20
27.314,173.06,13.155,0.99425,1.1687,2.164,0.025238,5.5799,0.4647,3.162,0.18836,0.87864,20
50.207,205.63,14.34,0.99516,-0.13795,0.45171,0.021821,5.7578,0.33224,3.3815,0.15644,0.87612,20
51.737,332.61,18.238,0.997,-0.54353,-0.43001,0.01737,6.0675,0.63261,3.9548,0.11203,0.8335,20
58.058,435.76,20.875,0.99771,-0.85209,-0.35364,0.018681,5.9856,0.8302,4.1056,0.10166,0.80376,20
44.415,250.15,15.816,0.99602,0.15122,-0.024847,0.019115,5.9549,0.6582,3.8219,0.12632,0.84344,20
50.929,196.19,14.007,0.99493,-0.040815,-0.14246,0.02108,5.7848,0.17195,3.023,0.1833,0.92071,20
49.922,662.14,25.732,0.99849,0.0053059,-1.5532,0.018867,6.0506,0.62118,4.0242,0.092632,0.84421,20
20.489,143.24,11.968,0.99307,2.1585,5.6528,0.037129,5.1277,0.32491,2.5363,0.30301,0.90238,20
50.048,193.83,13.922,0.99487,-0.31607,0.81267,0.022568,5.7705,0.81922,3.6823,0.14852,0.8299,20
16.791,541.97,23.28,0.99816,1.8738,2.0165,0.053533,4.9727,0.36693,2.8722,0.26183,0.89543,20
66.328,256.12,16.004,0.99611,-1.371,2.0687,0.024968,5.6292,0.65357,3.646,0.13485,0.83031,20
23.223,58.443,7.6448,0.98318,2.0212,13.035,0.056035,4.6034,0.20176,1.9249,0.47449,0.92394,20
53.068,246.99,15.716,0.99597,-0.79782,0.88243,0.020212,5.887,0.87107,3.9392,0.11732,0.79813,20
54.432,282.17,16.798,0.99647,-0.62763,0.50295,0.01875,5.9625,1.0458,4.1998,0.093571,0.77636,20
50.115,338.19,18.39,0.99705,-0.57117,0.11833,0.017447,6.0575,1.1953,4.3895,0.08202,0.75692,20
54.117,253.25,15.914,0.99607,-0.84988,0.96219,0.020239,5.8945,0.90147,3.9832,0.11409,0.79275,20
46.789,378.06,19.444,0.99736,-0.53244,-0.27231,0.016314,6.1429,2.0366,4.5722,0.076689,0.73844,20
49.785,477.21,21.845,0.99791,-0.88958,-0.50028,0.019018,5.9772,0.47806,3.6243,0.14785,0.85733,21
51.87,409.38,20.233,0.99756,-1.0359,-0.15506,0.022233,5.8376,0.17959,3.1146,0.19299,0.92017,21
53.95,478.59,21.877,0.99791,-1.0525,-0.15455,0.021188,5.9321,0.54778,3.6458,0.16027,0.85181,21
52.333,473.87,21.769,0.99789,-0.98988,-0.21002,0.019401,6.0072,0.65454,3.8228,0.1364,0.83479,21
49.36,421.34,20.527,0.99763,-0.99121,-0.17622,0.020404,5.937,0.54116,3.6998,0.14669,0.85054,21
53.526,482.3,21.961,0.99793,-1.0613,-0.12369,0.021025,5.9396,0.69278,3.7972,0.14669,0.82995,21
51.783,379.44,19.479,0.99737,-1.1856,0.36484,0.023209,5.8302,0.58679,3.6007,0.16835,0.84642,21
47.792,414.35,20.356,0.99759,-1.0445,-0.20324,0.02381,5.7956,0.50756,3.5438,0.18027,0.8496,21
49.142,456.63,21.369,0.99781,-1.0203,-0.22657,0.020826,5.8953,0.57036,3.7008,0.1428,0.84243,21
52.693,466.99,21.61,0.99786,-1.0782,-0.11833,0.02241,5.8803,0.64834,3.7051,0.15128,0.83556,21
52.458,468.79,21.652,0.99787,-1.027,-0.13937,0.020044,5.9669,0.56998,3.6927,0.15123,0.84766,21
49.843,432.91,20.806,0.9977,-0.96304,-0.27827,0.020666,5.9416,0.56256,3.6594,0.16053,0.84958,21
41.94,379.05,19.469,0.99737,-0.54485,-0.90448,0.017584,6.0284,0.35285,3.6589,0.12538,0.86755,22
47.831,413.66,20.339,0.99759,-0.54709,-1.0293,0.017968,6.0163,0.18012,3.2823,0.15729,0.91906,22
44.354,449.54,21.202,0.99778,-0.58703,-0.85922,0.017017,6.1075,0.37506,3.7577,0.12598,0.8662,22
44.204,436.8,20.9,0.99772,-0.50987,-0.9686,0.017312,6.0864,0.17224,3.3336,0.15527,0.92227,22
43.503,365.05,19.106,0.99727,-0.55621,-0.70183,0.017307,6.0649,0.35042,3.6278,0.12726,0.8776,22
46.911,467.68,21.626,0.99787,-0.62324,-0.75984,0.016999,6.1336,0.32294,3.7001,0.1371,0.87975,22
43.879,380.75,19.513,0.99738,-0.64966,-0.66668,0.017506,6.0473,0.17924,3.3298,0.15021,0.92043,22
43.59,448.43,21.176,0.99777,-0.56686,-0.91734,0.016953,6.0865,0.35109,3.7152,0.12133,0.87079,22
43.979,454.64,21.322,0.99781,-0.49251,-1.0081,0.01676,6.1156,0.30988,3.6705,0.13274,0.87847,22
44.49,453.08,21.286,0.9978,-0.60047,-0.83171,0.016571,6.1314,0.28467,3.6238,0.13305,0.89063,22
46.957,240.73,15.516,0.99586,-0.82772,0.13305,0.022279,5.8085,0.20829,3.0592,0.18626,0.92691,22
42.711,385.14,19.625,0.99741,-0.40831,-1.0105,0.017425,6.0501,0.17879,3.2934,0.15287,0.92105,22
47.958,405.37,20.134,0.99754,-0.73039,-0.77068,0.019402,5.9504,0.46139,3.6679,0.13631,0.85274,23
50.498,494.96,22.248,0.99798,-0.64575,-0.85025,0.016212,6.1477,0.54643,4.008,0.10735,0.82934,23
49.648,441.8,21.019,0.99774,-0.66379,-0.79719,0.017432,6.0829,0.53185,3.8775,0.11614,0.84175,23
47.01,354.53,18.829,0.99719,-0.52975,-0.6789,0.016495,6.0706,0.30157,3.5395,0.12519,0.88619,23
43.766,683.55,26.145,0.99854,-0.098584,-1.5015,0.014295,6.2441,0.60764,4.2857,0.076976,0.81101,23
46.841,401.84,20.046,0.99752,-0.69665,-0.65083,0.017151,6.0692,0.53801,3.9321,0.10654,0.82821,23
50.846,530.43,23.031,0.99812,-0.59468,-0.99301,0.016009,6.1554,0.57206,4.0414,0.1057,0.82823,23
48.829,473.9,21.769,0.99789,-0.62715,-0.80505,0.016251,6.1363,0.53967,3.9899,0.10377,0.8347,23
47.701,517.96,22.759,0.99807,-0.51276,-1.0629,0.015807,6.1678,0.57783,4.0465,0.10132,0.82716,23
51.801,478.95,21.885,0.99792,-0.66297,-0.86064,0.017131,6.0693,0.20799,3.4902,0.13832,0.90889,23
48.103,360.62,18.99,0.99723,-0.85923,-0.39399,0.020146,5.919,0.4546,3.6731,0.13548,0.84905,23
48.332,536.33,23.159,0.99814,-0.42903,-1.164,0.015766,6.1671,0.57574,4.0696,0.10093,0.82821,23
51.841,521.17,22.829,0.99808,-0.66081,-0.87147,0.016401,6.1432,0.57346,4.022,0.10856,0.83159,23
50.458,562.66,23.721,0.99823,-0.56518,-1.0782,0.016769,6.1218,0.40677,3.8603,0.12129,0.86001,23
41.847,377.23,19.422,0.99736,-0.31492,-1.1033,0.016441,6.0659,0.1664,3.3436,0.13783,0.91959,24
58.35,303.34,17.417,0.99671,-0.79141,-0.45196,0.02075,5.8466,0.46531,3.6434,0.14622,0.84045,25
62.084,404.81,20.12,0.99754,-1.1347,0.17418,0.024072,5.7056,0.15636,3.0375,0.20198,0.93664,26
40.137,304.16,17.44,0.99672,-0.67477,-0.439,0.020553,5.8159,0.16241,3.1646,0.17176,0.9269,26
56.978,380.36,19.503,0.99738,-1.0435,0.090585,0.021095,5.8582,0.42244,3.3581,0.17649,0.89429,26
44.769,491.38,22.167,0.99797,-0.43606,-0.86346,0.014786,6.214,0.40419,3.9702,0.096878,0.86234,27
46.157,459.45,21.435,0.99783,-0.65086,-0.67337,0.018839,5.9795,0.2579,3.5834,0.13624,0.90002,27
48.207,475.77,21.812,0.9979,-0.76166,-0.63249,0.017725,6.0474,0.3795,3.7405,0.12293,0.86713,27
45.044,520.26,22.809,0.99808,-0.55373,-0.94592,0.01633,6.111,0.34053,3.7992,0.11001,0.87152,27
48.22,565.2,23.774,0.99823,-0.48352,-1.1778,0.017382,6.0867,0.32803,3.7444,0.12003,0.87788,27
43.624,527.62,22.97,0.99811,-0.3429,-1.1598,0.01564,6.1689,0.45979,3.947,0.10485,0.86095,27
51.407,456.33,21.362,0.99781,-0.95138,-0.29364,0.02213,5.8538,0.372,3.5625,0.14351,0.87388,27
44.14,466.65,21.602,0.99786,-0.4933,-0.91232,0.017023,6.1013,0.17212,3.4573,0.14144,0.92521,27
49.212,434.52,20.845,0.9977,-0.84114,-0.21411,0.017418,6.0628,0.396,3.7546,0.12384,0.86675,27
46.471,470.46,21.69,0.99788,-0.64519,-0.76482,0.017817,6.0621,0.40109,3.8209,0.12185,0.86023,27
42.566,603.34,24.563,0.99835,-0.46965,-1.2319,0.018442,6.0165,0.35065,3.7558,0.12009,0.87212,27
48.49,602.69,24.55,0.99834,-0.54264,-1.1815,0.017402,6.0725,0.3263,3.679,0.12904,0.88244,27
44.426,607.14,24.64,0.99836,-0.36531,-1.1906,0.015336,6.2003,0.36401,3.87,0.10455,0.88018,28
47.827,422.64,20.558,0.99764,-0.66235,-0.69519,0.017302,6.0918,0.39349,3.7651,0.12799,0.86149,28
44.765,351.83,18.757,0.99717,-0.65347,-0.51066,0.019068,6.0096,0.41228,3.785,0.12364,0.85485,28
44.449,416.79,20.415,0.99761,-0.54791,-0.94073,0.01752,6.0716,0.3242,3.645,0.13329,0.87926,28
43.468,471.64,21.717,0.99788,-0.34617,-1.1135,0.015071,6.2017,0.29341,3.7791,0.11045,0.88658,28
41.568,292.46,17.101,0.99659,-0.38693,-0.49913,0.017985,5.9855,0.21875,3.4156,0.13927,0.9051,28
47.237,451.73,21.254,0.99779,-0.6145,-0.91793,0.017575,6.0669,0.57125,3.8263,0.12475,0.85656,28
40.921,260.3,16.134,0.99617,-0.69965,-0.13806,0.02079,5.8542,0.25381,3.3421,0.16387,0.89305,28
49.303,542.16,23.284,0.99816,-0.42936,-1.2884,0.017136,6.0886,0.34179,3.7179,0.12532,0.87918,28
43.683,311.21,17.641,0.9968,-0.80562,-0.24107,0.020311,5.8829,0.31108,3.4638,0.15225,0.87574,28
49.255,628.89,25.078,0.99841,-0.54781,-1.2284,0.018476,6.0355,0.33674,3.664,0.13796,0.87535,28
48.297,362.82,19.048,0.99725,-0.39258,-0.86578,0.017503,6.0384,0.26392,3.5815,0.12331,0.89416,28
42.718,280.01,16.733,0.99644,-0.87582,-0.08949,0.022569,5.7989,0.30448,3.4112,0.15818,0.87632,28
